text,source
"It’s night shift hours, requests for improvements get lost in chain of command and too many sub levels of management.",Breakroom Global
Overloaded with WorkLack of Team PerformanceLittle to no Career ProgressionFavouritism,Breakroom Global
I been with Amazon 7 years I didn’t had any opportunities to progress,Breakroom Global
"It's stressful, by the end of your 6hour shift you would have lifted over 600KGS of items.",Breakroom Global
Good payVarious overtime opportunitiesVoluntary time off opportunities,Breakroom Global
In 3 1/2 years I never got the promotion or a pay raise whereas pretty much everyone else did.,Breakroom Global
"3 days weekend, 4 day working week. Annual leave. Stocks compensation.",Breakroom Global
"Long hours, lots of work e.g. Never ending tasks, ranking system for managers talent review.",Breakroom Global
"Stress, workload, senior operations managers dont listen to issues and expect work being done by itself and don't understand the basic process, have to work with not so motivated colleagues.. mentally toxic work environment, getting sick is being treated as a reason to get fired..",Breakroom Global
"Pay is low, self employed, no benefits, starting time changes all the time, half of your time is wasted. (I start work at noon, it used to be 10am)",Breakroom Global
"Low pay, no flexibility, sexism, disability discrimination, nepotism, no action taken from complaints, double standards for associates vs leadership",Breakroom Global
"It’s good pay and you are all in the same boat, just trying to work hard and earn good money",Breakroom Global
"Working long hours, have no lifeSame thing different dayCanteenCant progressPayNo overtime till end of year",Breakroom Global
Most nights the associates are working like machines. The job is repetitive work which has an affect on your body in the long run,Breakroom Global
that in 10 years you'll be in the same place and same payment as a 1 week old new starter,Breakroom Global
"I can count with fix work hours, stabile company, diversity of colleagues.",Breakroom Global
"Treat people like a number, all the time. Managers don't care about anything unless it causes damage to their payslip",Breakroom Global
StressedExpecting unnecessary accomplishmentsSometimes expected to do the job of 2 people,Breakroom Global
"Not getting long enough breaks,constantly tracked if you are a direct worker where as indirect workers are not tracked.",Breakroom Global
"As an associate no responsibility, good salary for working overtime, benefits, one paid break one unpaid every day, career choice (2000£ every year towards any education), easy job",Breakroom Global
"Terrible pay, hard to find work, they do not pay for sick leave or travel expenses.",Breakroom Global
"The benefits, the two half hour breaks, the flexibility offered by the shift swap & emergency working holiday.",Breakroom Global
"Parcels are getting heavier, policies are becoming more restrictive, no penalties for lazy employees, no pay bonus for doing critical roles, harsh anti-union policies.",Breakroom Global
Too many people working here. For small task they hired 3 people,Breakroom Global
"Flexibility, you can literally work when you want and have any time off.",Breakroom Global
If we want office job we need to stay at least 3 yearsI don’t like this point,Breakroom Global
"The warehouse I work at makes work a little competitive which makes our work more fun and interactive and unlike other stories, managers and supervisors really do care about your well-being and they try their best to look out for you. Working alongside with them, I see both the operational stand points and also from an associates side which make work easier for me",Breakroom Global
"I feel like the higher the level you are beyond your station manager don’t really understand FULLY how operations are ran and only see the bigger picture in amazon. Honestly, I don’t really rate these people as they are constantly giving I see as useless feedback which don’t provide any operational benefits and they won’t listen out to associate feedbacks which are the ones actually completing tasks day in day out",Breakroom Global
"Way too physical: it's 90% running around and only 10% driving. Constant work, not even 5 minutes to yourself. I take a 30 minute break because I have diabetes and i need to eat but the other drivers don't take a break. Bad weather: When it rains we're outside in it all day and we have to deliver the same amount of packages regardless of how the weather slows us down. The stress of being against the clock and potentially being out until past 9pm. There's many loopholes! Most routes are programmed to be 9 hours long on average but you're 'self employed' so you get to go home whenever you deliver your last parcel. So some days you might finish 2 hours early if you go quick... but the systems' algorithm learns how many parcels you (as a driver) are able deliver per hour... and they will program more parcels into your route next time so that you're still out delivering for the full 9 hours. You are penalised if you bring back packages. Amazon thinks that if they penalize you for bringing back undelivered packages, it means more packages get delivered. But in reality it just encourages drivers to leave parcels on peoples doorsteps or random safe places without permission from the customer. And if the parcel gets stolen or damaged from the weather, we are also penalised. So we can't win. You can only win if the customer is home to take the delivery or if you get away with leaving it in a safe place. 50% of the time, customers aren't home. So you are standing around outside wasting time like a melon. A wet melon if its raining too. A lot of the time you are delivering to multiple addresses in 1 drop. So you might be happy when you realise you only have 110 drops for the day, but a lot of the drops are delivering to a house and 3 of their neighbours. So in reality you're really delivering to 250 separate addresses. You have to urinate in a bottle or a bush, the rumours are true. Doing a poo is a grey area. Nobody talks about that. Ever. Just drive to a nearby pub or something I guess. We all share a fleet of Van's and most of them are damaged from previous drivers.",Breakroom Global
You either stand or walk in a fast pace the whole shift. If you complain about any pain they rather send you home instead of letting you rest or change your Duty. They will to terminate your contratc if you complain about any pain. Coming late 3 times can make you go home too,Breakroom Global
Repeating the same songs that we hear in the workplace every day is boring,Breakroom Global
Night Shift are relied to do to much of the work of hybrid shift.,Breakroom Global
Knowing how well you do your job only to be looked over at every opportunity. Management don’t like being questioned and like it even less if you have a valid point to argue.,Breakroom Global
All work is done while standing for 10 hours a day. No sick pay on the first 3 days.,Breakroom Global
Fixed working days;No shift rotation;Scheduling vacations directly in the app.,Breakroom Global
Discounts and the people who work there/ positive work environment.,Breakroom Global
"New staff take a long time to train and we are often understaffed, and occasionally there are issues at work.",Breakroom Global
"Most of the people working at Amazon are great. They make it bearable, as the company itself does not care about the workers.",Breakroom Global
"The recruitment agency of Amazon, they're just not nice people. They do a mass hire then a mass firing people only to do a mass hire because of lack of workers actually needed, and just a repeated process of this making it so difficult for everyone else as struggle to keep up with the volume of packages. Amazon does not care about your welfare, they only care about metrics; making more money. You could go to work only to be told they have 'enough' people and they want some people to go home so they look good to higher ups. It's all about metrics about Amazon , they do not care about you at all.",Breakroom Global
The pay is okay could be improved massively as I work nightshift and we do 85% of the work to what day shift does,Breakroom Global
"It’s good pay on night shift, and a very positive environment.",Breakroom Global
Get to see a range of different products come into warehouse.,Breakroom Global
The management it good and everyone works as a team to create a good working environment,Breakroom Global
"The payment is decent, and you can work more overtime then compare to other companies.",Breakroom Global
We have best team and we understand eachother and we get work done together.,Breakroom Global
I like it because I can have a flexibility about in witch days to work.,Breakroom Global
"When you are delivering on high streets you can take parking tickets, the volume of work is very high, you need to hurry every day to finish your route.",Breakroom Global
The team i work with are all close nit and get along well and we always have a good laugh,Breakroom Global
"our department isnt to bad, however the other departments, breaks are super monitored, everything you do is monitored and the pay isnt really that good, and if your a smoker i wouldnt recommend working with amazon, you can go a full day without a smoke or having to choose between food or smokes on your break",Breakroom Global
Over workedUnpaid sickness for up to 3 days then bad pay rate for sicknessNot much opportunity to progressManagers unprofessional and treat you like a number,Breakroom Global
management the extra security the louder noise of the machines in the warehouse which can affect your hearing in time  and the sistem which will not allow you to grow in the company unless you are a kiss ass,Breakroom Global
Pressured to work even when going as fast as possible. Freezer is actual torture and they make people work in there for hours.,Breakroom Global
The community as everyone is there for each other and we can have a laugh during the shift,Breakroom Global
"If u take more than 3 sick days off during 6 months they issue a warning letter. If u are going to be sick even one more time after a warning letter u are moved onto a second warning letter (even if u have a sick note from your GP. The 6 month period restarts and if u are sick once again, you are fired. No compassion at Amazon. You are just a number",Breakroom Global
Not enough respectGet treated poorlyNo help when neededDifficult to take time off when needed for family reasonNo paid sick pay / maternity,Breakroom Global
"good money , 40 hours a week /4 days instead of 8 hours /5 days . Easy overall if u dont show them that you're active they'll give u easy jobs . Just make sure u re not hard working.",Breakroom Global
"Easy jobs and big diverse group of people to work with, also good pay compared to many places.",Breakroom Global
"The hoursSenior leadership do not care about you, your job, your well-being, your team or anything other than good metrics",Breakroom Global
Being able to do my job properly and have a laugh/ chat with other workers,Breakroom Global
The amount of physical activity is needed for a long shift. Also breaks are quite short,Breakroom Global
"The worst thing at amazon is the policies and management and HR are awful, unskilled people and rude.",Breakroom Global
"only 10£ an hour, people who doesn't try to understand I'm going there to work, not to socialize. Some colleagues are annoying.",Breakroom Global
The working environment and all different people you get to meet and people you make friends with and working as a team to get the job done,Breakroom Global
Too many supervisors and managers on the same shift. No commication sometimes,Breakroom Global
No time for breaksOnly finish work when the workload is complete. No set time to finish,Breakroom Global
The work load is too much and the pressure it way too much. The people are very impolite and horrible,Breakroom Global
not enough hours/ moneyboring /repetitive workuncertainty of contract length,Breakroom Global
"2 trainers from my team, and my job which was teaching and teach people how to drive a variety of MHE.",Breakroom Global
Management wise was terrible. Nobody helps in any way. Nobody cares about rules and people are seen as numbers. My schedule which was changed in the last minute and sometimes I had to come at work in less than 20 minutes. People getting promoted just because they know someone or they’re agreeing with the management even if it’s wrong.,Breakroom Global
Fixed hours/shift pattern. 3 days off a week. 7 weeks holiday,Breakroom Global
"Stressful, you watch the managment squeeze and squeeze to see how many people they can tell to go home for a shift then complain they lack the staff, Issues are brought up but never acknowledged or even mentioned again and are given the Mystical “We’re working on it” title. You come in to work, talk a but to colleagues, eat at the break. And go home",Breakroom Global
"Very flexible with hours, holidays and the pay is good when overtime is available.",Breakroom Global
"Management are rude and don't support you. Payments have been missed and took far too long to be paid what was owed. Sexual harassment is a known problem, which is mostly from managers/leads.",Breakroom Global
"ManagementDoing the work of 3 peopleRidiculously high targets to hitNo accommodations for peopleDisciplinary actions for minor thingsHR utterly sucksPeople not pulling their weightPenalised for coming back from break 1 minute late3 minute walking time for a ten minute round trip to canteen for food, eats into well earned break time",Breakroom Global
"Treated badly by management and graduate managers, low pay, low job security",Breakroom Global
40hours fixed and they won’t send you home if they don’t have work,Breakroom Global
"Staff are overworked, Pay is basic, Managers and Supervisors treat workers with no respect.",Breakroom Global
"Time pressuresExtreme micro managementLong hour days, (10hr shifts)",Breakroom Global
I work nights. Sometimes it is lonely. Some of shift workers not too friendly.,Breakroom Global
"Its a work place hell. No one to talk to for 12 hours. Stood alone, with a robot. Very depressing. Wouldn't recommend if your already depressed. Supervisors treat you like dirt",Breakroom Global
Decent money for what is essentially the easiest job ever.Decent Benefits.,Breakroom Global
"It's very repetitive and standing/walking all day can be tiring.Long Shifts.Very isolated, can't talk to people for a long time. Working alone.The work is not difficult but this does make it mind numbingly boring when doing a 10 hour shift.Managers can be bad/annoying. They nit pick, angry for small reasons, don't respond to issues well, don't follow through on things they say they will do. Depends on where you are though I guess.Boring.",Breakroom Global
Free stuff oftenActivities oftenIn my warehouse we have 2 free slushie machine as well as our free coffee/hot chocolate machines,Breakroom Global
"Easy job, get to exercise, I have made lots of friends and good pay",Breakroom Global
"The people that worked with me were great , but supervision was terrible ,",Breakroom Global
That I don’t get paid outside my 9 hour shift usually 3/4 hours not paid,Breakroom Global
U do your work and the moment the clock strikes shift time ends u drop everything and leave. People are amazing and helping.,Breakroom Global
"The shifts all start in the afternoon, making school runs impossible",Breakroom Global
Variety of options of work. Could be doing something different everyday at work. The pay is good. Average hours. Overtime is payed generously with time and a half and double time. Suitable shifts,Breakroom Global
We are not fully equipped means if some customers told Amazon that they not received the parcel then we have no evidence to prove like DPD. We have no choice except to deliver all parcel even our agreed time finished and they don’t give us extra money for that work. This the worst thing we think that we are slave,Breakroom Global
No life/work balanceLong hoursManager/TL limit testing you disregarding your physical abilities,Breakroom Global
"Pay, secure shift pattern, always paid on time, management respects you and is friendly, down to earth, you can easily see your holiday accruals, the deadline for taking them out and how much you will be paid per holiday",Breakroom Global
Work-Life Balance. “I love that I have a great degree of control and freedom within my job.,Breakroom Global
Pay is competitive. If you can get a good role such a process guide or problem solver it can be good.,Breakroom Global
"Poor, inexperienced management. When it is busy it can get really busy and you are expected to meet sometimes unachievable targets with little to no support.If you are on a direct process path it can get really demoralising packing over 1000 boxes a day unable to make much communication whilst working.",Breakroom Global
Is amazing work by sorting out parcels in a busiers company like amazon,Breakroom Global
When your colleagues working beside you cannot pick up his or her numbers or parcels and they all comes to u,Breakroom Global
"Lack of training opportunities, lack of career progression, repetitive work, unrealistic targets.",Breakroom Global
You will grow up day by day. That is why I continue to stay in Amazon.,Breakroom Global
"Sometimes you feel really tired after work, we must keep our body well, eat well. Feeling unhappy when the manager keep on telling you that you can’t hit the rate.",Breakroom Global
The people I work with. Associates are from all over the world and I say hello to someone new everyday.,Breakroom Global
Work ConditionsBreaksConstant expected work ratesManagementTo name but a few,Breakroom Global
When you working 8& 10 hours shift you should get more breaks,Breakroom Global
the pay to help surport my family as im the only one working we dont get any other help,Breakroom Global
"200 stops a day, not enough paid for the job done, not enough fuel money.",Breakroom Global
"horrible team leads, amazon will make you leave at a drop of a hat. Its like being in a really bad school and none of the pupils are cared about beyond their own department",Breakroom Global
I like my work because there is soo many thing to do n there is lots of nice thing to I do I like work in warehouse,Breakroom Global
"All information regarding my work ability is in data form, rather than someone’s opinion.",Breakroom Global
It pay the bills but you have no life to enjoy just making the rich  rich,Breakroom Global
The people I work with the ease of progression recognition of achievements job stability,Breakroom Global
StructureHard workFull timeGreat paySet shiftsGood peopleProgression,Breakroom Global
Its regular work same shift overtime paid at time and a half . Covid testing every week . Have a laugh and joke with work mates . 3 day week end.t,Breakroom Global
"Worst things are the four 10 hour shifts,  repetitive boring work , walking long distances pulling a pallet truck with stock loaded for sorting , language barrier with eu management .",Breakroom Global
"Money dropped £20 a day after xmas, working out hourly wage works out about min wage, not worth it",Breakroom Global
You get transport but u have to pay for it of your wages paid training before you start,Breakroom Global
"Not getting enough work , bad management  getting sent out to do a different route every day with max amount when u just start",Breakroom Global
HoursWork scheduleNo respectAnything managers do when they are in the wrong is brushed under the carpet,Breakroom Global
Best thing is the job  is super easy to get because it's rubbish  and too much risk On road and not many people staying long here so the always needs someone,Breakroom Global
Getting our vehicle nicked Getting attacked.Too many hours minimum 8 hours without breake.Danger in roads.So much stress.Keep asking us to deliver  this NOW deliver that NOW.Working in any weather condition like rain snow.ALSOSuper easy to get sacked.Once i handed a parcel to customer  then 20 minutes later customer service called me and said  customer called them and said he is not even at home how come parcel been delivered to him.I came back to customer house knocked the door he came out.......Long story shortHe wanted another free parcel.Amazon off boarded me to 10 days.I fought back to get the job back.I was hopeless and felt Fragile.I just needed money to pay my rent.,Breakroom Global
Get plenty of exercise whilst working not stressful just hard physical work. I enjoy the variety of jobs,Breakroom Global
Not knowing your shifts til last minute & not guaranteed hours,Breakroom Global
"You know exactly when you’re working, it’s easy good pay for what it is",Breakroom Global
"Boring, a very racist place to work, managers don’t listen to what you have to say",Breakroom Global
Working on your own means you only have yourself to worry about,Breakroom Global
"Choose days to work, go home when work is finished, pay can be good",Breakroom Global
"Lack of organisation at times, working in all weathers, working in the dark.",Breakroom Global
"This is a really bad job - I would not recommend it at all. Managers are really strict about targets, there is regular electrical faults and often leave with blisters.",Breakroom Global
"Unreliable shifts, supervisor are incredibly strict and we aren’t given enough break",Breakroom Global
"Last minute rota changes, bad pay for night shifts, no training",Breakroom Global
The hoursThe payNo need to stressYou work as fast or as slow as you like,Breakroom Global
Fixed shift pattern of 4 days a week with 3 days off.Reasonable starting wage and decent overtime rates.,Breakroom Global
"Overwhelmed with work load, they try to do too much for the same money",Breakroom Global
"Working like a slave illegal driving hours, being made to log off before finishing work",Breakroom Global
Team work with other drivers always help each other out if we get chance to,Breakroom Global
